n_samples,rmse,mean_bias,n_success
500,0.054562,0.038695,50
1000,0.051035,0.041761,50
2000,0.043517,0.039561,50
4000,0.043649,0.040647,50
8000,0.038688,0.037182,50
